{
    "tasks_executadas": [
        1,
        2,
        3,
        4,
        5,
        6
    ],
    "melhores_tasks": [
        {
            "id": 2,
            "acc_media": 0.9289999999999999
        },
        {
            "id": 3,
            "acc_media": 0.8950000000000001
        },
        {
            "id": 5,
            "acc_media": 0.67
        }
    ],
    "tempo_total_gasto": 4796.394117832184
}